abalone,2.66
abalone shell,2.65
abyssal comb jelly,2.34
acid seaweed,3.2
acorn barnacle,2.44
african penguin,3.74
after sun lotion,3.44
aggregating anemone,2.27
albatross,2.9
algae,3.54
american dune grass,3.25
anchor,4.02
anemone,2.56
animal,4.81
animal tracks,4.29
apple anemone,2.56
arbiter snailfish,0.0001
auger,2.77
baby powder,4.21
babylon,3.54
balloon worm,3.53
barbecue,3.62
barnacles,2.59
barrel amphipod,1.72
barreleye,0.0001
basket star,4.04
bat ray,4.15
bat star,4.25
bathing suit,3.64
bay ghost shrimp,3.66
bay pipefish,1.29
beach,4.92
beach bag,4.55
beach ball,4.67
beach blanket,4.01
beach cart,3.93
beach chair,4.49
beach cooler,3.91
beach cruiser bicycle,3.38
beach games,4.81
beach hammock,3.13
beach hat,4.38
beach heater,3.53
beach lounger,2.17
beach pillow,3.91
beach read,4.83
beach shoes,4.48
beach tent,4.0
beach towel,3.9
beach toys,4.17
beach umbrella,3.85
beach volleyball,3.81
beach wagon,3.86
beachcombing tools,1.6
beaded comb jelly,2.87
beer,4.7
bell jelly,3.71
bench,4.39
big red copepod,1.9
big red jelly,3.75
big skate,3.73
big fin reef squid,3.15
binoculars,3.1
birds,4.6
black oystercatcher,1.66
black prince copepod,1.9
black sea nettle,2.71
black sea devil anglerfish,1.61
blackeyed squid,1.26
black necked stilt,2.25
blacktip reef shark,1.53
blanket,4.07
blob sculpin,1.91
bloodworm,1.14
bloody belly comb jelly,3.22
blubber jelly,2.51
blue whale,3.95
blue tailed giant larvacean,0.0001
boardwalk,3.28
boat,4.71
boat ramp,3.78
body board,5.01
bone eating worm,3.66
bonnet,3.35
book,5.43
bottles,4.19
brain coral,3.83
broad club cuttlefish,2.53
broad nose seven gill shark,3.42
brown pelican,3.06
brown turban snail,2.87
bryozoan,1.6
bubblegum coral,2.77
bucket,4.07
bug spray,3.89
bull kelp,2.86
buoy,3.0
cabezon,1.17
cactus,3.4
california barracuda,2.78
california halibut,2.71
california moray,3.02
california mussel,2.74
california sea lion,4.12
california sea owl,3.81
california sheepshead,2.04
camera GoPro,3.13
can,6.46
carpet anemone,2.55
cephalopods,2.2
chair,4.69
chambered nautilus,2.42
chandelier jelly,3.09
charcoal,3.58
children,5.47
christmas tree coral,3.78
christmas tree siphonophore,1.08
clam,3.22
clouds,4.16
clownfish,2.18
cockle,2.34
coconut,3.88
coins,4.26
cold drink,4.66
comb jelly,3.33
common bottlenose dolphin,2.35
common cuttlefish,2.53
common fangtooth,0.0001
common market squid,3.43
common murre,1.32
common siphonophore,1.08
conch,2.79
conch shell,2.78
cone,3.83
cooler,3.96
cooler bag,3.9
copepod,1.9
coral,3.86
coralline sculpin,1.55
coverup,2.57
cownose ray,0.0001
cowrie,1.76
cowrie shell,1.76
crab,3.76
crown jelly,3.71
crystal amphipod,1.72
crystal jelly,3.68
cuttlefish bone,2.53
day octopus,3.46
dead mans fingers,3.61
deck chair,4.23
decorator crab,2.89
deep sea brittle star,3.26
deepsea anglerfish,1.47
deepsea carnation coral,1.93
deepsea cauliflower coral,1.99
deepsea sun star,2.02
diatoms,2.38
diving mask,3.84
dog,5.1
dolphinfish,0.0001
driftwood,2.72
drink,4.9
drupe,1.69
dry bag,4.46
dune,3.28
ereader,2.09
eelgrass,1.83
egg yolk jelly,2.95
elephant fish,4.02
eroded periwinkle,2.34
extra bags,4.32
family,5.66
fan fin anglerfish,1.61
fat innkeeper worm,2.65
feather,3.69
feather star,3.68
fig,4.1
file tail catshark,0.0001
fire star,4.94
first aid kit,4.25
fish,4.9
fisheating anemone,0.0001
fishing chair,4.26
fishing gear,4.16
fishing license,4.19
fishing line,4.43
fishing net,4.29
fishing rod,3.97
flag,4.58
flamboyant cuttlefish,2.42
flapjack octopus,2.11
flip flops,3.25
flip flops sandals,3.04
flippers,2.7
floaties,1.97
flower hat jelly,3.62
foam,3.78
inflatable kayak,2.94
foldable sink,2.61
foldable table,2.62
food,5.4
football,5.11
footprints,3.29
fossil,3.99
fragile pink sea urchin,2.75
friend,5.37
frisbee,2.96
frog,3.89
fruit,4.57
galapagos shark,2.89
garibaldi,2.86
geoduck clam,1.47
giant clam,3.2
giant green anemone,2.56
giant isopod,1.78
giant kelp,2.86
giant kelpfish,0.0001
giant ostracod,1.54
giant pacific octopus,3.4
giant sea bass,4.07
giant siphonophore,1.08
globe crab,3.65
glowing sea cucumber,3.24
goggles,3.35
gold spotted crown jelly,3.57
grass,4.38
gray whale,3.85
green turtle,3.88
gumboot chiton,1.28
hammock,3.14
harbor seal,3.92
harp,3.4
hat,4.53
hatchet fish,3.07
hawaiian bobtail squid,1.95
heat,4.86
helmet,4.02
helmet jelly,3.58
hermit crab,3.1
hooked slipper snail,2.93
hopkins rose,3.84
horn shark,3.82
horned puffin,2.51
horseshoe crab,3.06
hourglass jelly,2.86
hula skirt siphonophore,1.08
humpback whale,2.78
icebox,2.31
inflatable paddleboard,1.82
inflatable raft or floaties,1.93
inflatable toys,3.21
insects,4.02
island,5.01
japanese armor head,3.9
japanese porcupine crab,2.82
japanese spider crab,3.61
jellies,2.63
jellyfish,3.25
jet ski,3.9
jeweled top snail,2.44
john dory,3.1
johnsons sea cucumber,2.53
kayak,3.24
kelp,2.87
kelp bass,2.85
kids,5.28
killdeer,1.7
kite,3.55
land snail,3.66
lawn chair,3.9
laysan albatross,1.46
leafy sea dragon,3.26
lemon jelly,3.6
leopard shark,3.47
life jacket,4.31
lifeguard ,3.07
lifeguard tower,3.05
lightbulb siphonophore,1.07
lighthouse,3.55
limpet,2.25
lingcod,1.3
lions mane jelly,3.15
lip balm,3.2
lobed comb jelly,2.51
lobster,3.65
lobster larva,2.9
long beaked common dolphin,2.28
long billed curlew,2.26
long mouth jelly,3.73
longspur jelly,1.22
long spine snipefish,0.0001
lumpfish,0.0001
mangrove box jelly,2.83
margarita,3.3
mat,3.84
mauve stinger,2.5
mediterranean jelly,3.56
melibe,0.0001
melon,3.32
melongina,0.0001
midwater eelpout,0.9
midwater jelly,1.36
midwater shrimp,1.36
mitre,2.63
monkeyface prickleback,0.0001
moon jelly,3.72
moon shells,3.86
multitool,1.55
murex,1.88
mushroom soft coral,3.4
mussel,2.74
nassa,1.29
nautilus,2.87
nautilus shell,2.86
net,4.76
north pacific bigeye octopus,1.65
northern anchovy,2.58
northern clingfish,0.0001
northern elephant seal,3.83
northern lampfish,0.0001
oars,3.01
ocean,4.7
ocean sunfish,2.35
ocean sea,4.54
octopus,3.46
olive,4.09
one piece,5.03
opalescent nudibranch,1.49
operculum,2.17
orange cup coral,3.77
orange puffball sponge,1.76
orca,2.93
owlfish,0.0001
oyster,3.54
pacific angel shark,3.85
pacific black dragon,4.17
pacific bluefin tuna,2.36
pacific bonito,2.5
pacific electric ray,4.18
pacific hagfish,1.71
pacific sardine,2.66
pacific spiny dogfish,2.15
pacific viperfish,0.0001
pacific white sided dolphin,3.45
packable jacket,1.9
paddle board,3.48
palm tree,4.14
parrotfish,2.01
peacock mantis shrimp,2.89
pebble,3.34
pelagic cormorant,2.15
pelagic stingray,2.44
pelican,3.07
people,6.25
pet,4.45
pharaoh cuttlefish,2.47
picnic set,3.79
picnic table,3.78
pier,3.82
pigeon guillemot,1.78
pina colada,2.26
pineapple,3.58
pink bamboo coral,3.41
pink frogmouth,1.11
plants,4.71
plastic,4.51
pompom anemone,1.81
pop,4.87
porcelain crab,3.35
portable air pump,3.79
portable blender,3.32
portable charger power bank,3.46
portable fan,3.92
portable grill,3.6
portable shower,3.86
portable speaker,3.86
power bank,5.0
predatory tunicate,1.4
prickly pear,2.9
pumice stone,2.51
purple sea urchin,2.78
purple striped jelly,3.3
raft,3.46
rake,3.38
rash guards,3.58
raspberry jelly,3.31
red coralline algae,1.77
red crown jelly,3.69
red disk jelly,3.56
red king crab,3.73
red octopus,3.45
red paper lantern jelly,3.37
red phalarope,1.58
red sea fan,4.59
red footed booby,2.81
rednecked phalarope,0.0001
red spotted siphonophore,1.08
reef safe sunscreen,3.17
reusable food containers,3.12
reusable straw cutlery,2.77
reusable water bottle,3.19
rissos dolphin,0.0001
rockfish,2.23
rocks,4.38
rope,4.06
rosy rockfish,2.19
rough limpet,2.25
rubbish bin,3.71
ruddy turnstone,1.47
sablefish,1.33
salmon snailfish,0.0001
salt,4.6
salt grass,4.18
sand,4.44
sand anchor,3.88
sand bar,4.32
sand crab,3.68
sand dollar,4.21
sand toys for pets,3.76
sandbar shark,2.3
sandcastle,2.27
sanddab,0.0001
sandpiper,2.46
sarong,2.27
scallop,2.75
scallop comb jelly,2.65
scallop shell,2.74
scalloped hammerhead shark,2.31
scuba gear,3.28
sea anemone,2.56
sea angel,4.35
sea glass,4.64
sea gooseberry,2.53
sea hare,3.64
sea lemon,4.05
sea lion,4.19
sea nettle,2.71
sea otter,3.36
sea pen,4.3
sea pig,4.09
sea spider,4.19
sea sponge,3.58
sea toad,3.33
sea urchin,2.79
seagull,3.02
seal,4.3
seashell,2.39
seawater,3.12
seaweed,3.22
seorita,0.0001
shade shelter,3.9
shark teeth,3.98
sharks,3.96
sheep crab,3.62
shells,3.93
shiner surfperch,0.0001
short beaked common dolphin,2.28
short spine thorny head,2.89
shovel,3.5
shovelnose guitarfish,0.0001
shower,4.5
shrimp,3.79
signs,4.71
skeleton shrimp,3.49
slender snipe eel,2.76
snail,3.67
snacks,3.86
snorkel,2.68
snorkel gear,2.67
snow globe jelly,3.61
solar,4.53
sooty shearwater,1.91
soupfin shark,0.0001
southern stingray,2.92
spade,3.33
speaker,4.49
sperm whale,3.6
spindle,3.1
spiny brittle star,2.55
spiny king crab,2.61
spot prawn,2.87
spotted jelly,3.63
spotted ratfish,0.0001
square spot,4.56
squat lobster,3.26
squid,3.44
staghorn coral,1.74
starfish,3.0
stereo,3.77
strombus,1.2
sun hat with neck flap,3.41
sun,4.97
sun hat,4.4
sunblock,2.4
sundial,2.46
sundress,2.18
sunflower star,3.35
sunglass cleaner,2.16
sunglasses,3.72
sunscreen,3.29
sunshirt,0.0001
surfboard,2.81
swell shark,3.51
swimming fins,3.32
swimming trunks,3.39
swimsuit,3.28
tadpole snailfish,0.0001
tent,4.05
thermal flask,3.14
tibia,2.9
tidal pools,3.48
tonna,1.42
top,5.57
topsmelt,0.0001
towel,3.94
towel clips,3.69
tower jelly,3.7
toys,4.25
trash,4.42
trash bags,4.12
travel coffee maker,4.08
triton,2.95
trowel,2.45
tube anemone,2.55
tufted puffin,2.38
turbo,3.74
turritella,1.35
turtle,3.91
two spot octopus,3.44
umbonium,0.0001
umbrella,3.89
umbrella comb jelly,3.22
underwater camera,3.87
upside down jelly,3.57
vampire squid,3.34
volleyball,3.85
volute,1.79
warty sea cucumber,2.06
water,5.52
water bottle,4.52
water shoes,4.61
waterproof notebook,3.33
waterproof phone case,3.54
waterproof picnic blanket,3.28
waves,4.37
western gull,3.0
western snowy plover,2.49
wet wipes,3.37
wetsuit,2.55
whalefish,0.0001
wharf,3.48
white shark,4.08
white sturgeon,3.34
whitetip reef shark,1.17
wigdroid jelly,0.0001
windbreaker,2.29
winged comb jelly,3.08
wolfeel,0.0001
woolly siphonophore,1.08
worm,3.77
wunderpus,0.0001
yacht,3.82
yellow headed jawfish,0.0001
yellowfin tuna,2.21
zebra moray,2.87
zebra shark,3.32
sandals,3.46
ball,5.04
sea turtle,3.88
dock,3.99
surfer,3.3
garbage,4.18
skim board,3.17
volleyball net,3.8
bikini,3.7
shorts,4.07
sandwich,4.13
basket,4.07
pail,2.79
sand flea,3.38
shovel and pail,2.71
sunbather,1.48
nudists,2.24
stoners,2.67
parties,4.89
drunks,2.93
litter,3.71
scenery,3.68
shoes,4.67
sand toys,4.03
sea creatures,4.15
whale,3.98
dolphin,3.67
flies,4.09
ice cream,4.47
diving gear,3.89
sailboat,2.95
suntan lotion,2.25
jetty,3.04
wind,4.84
seafoam,1.89
bonfire,3.33
swimmer,3.49
volleyball court,3.84
parasol,2.63
cocktail,3.89
sand sculpture,3.81
bar,4.94
lounge chair,3.85
tanning oil,3.3
ice chest,4.4
mollusk,2.28
coast,4.87
sunshine,4.16
sunset,4.04
games,5.44
wiffle ball,1.97
sea,5.06
beverage,3.69
candy,4.29
fold out chair,3.98
fisherman,3.49
alcohol,4.61
lemonade,3.44
snack bar,3.86
restroom,3.39
drone,4.0
glass shard,2.99
restaurant,4.68
sun lotion,3.44
spikeball,0.0001
music,5.52
bag,4.79
swings,3.66
canopy,3.52
purse,3.95
stone,4.8
lunch,4.66
tourist,4.2
tide,4.05
saltwater,3.04
sunburn,2.95
helicopter,4.13
car,5.45
vacationer,1.59
lifesaver,2.88
fish smell,4.35
sky,4.72
swim flag,4.06
ice cream stand,4.39
concessions,3.65
hotdog,2.8
hamburger,3.45
fishing,4.47
water ski,4.11
condo,3.63
fishing pole,4.03
crowds,3.87
innertube,1.13
water gun,4.85
noise,4.55
house,5.71
live bait,3.84
women,5.57
men,5.51
sea life,5.0
parents,5.21
tree,4.85
bush,4.49
popsicle,2.82
clothes,4.72
sand houses,4.26
beach table,4.68
boogie board,3.54
parking,4.47
safety people,4.95
trash can,4.42
breeze,3.86
teenagers,4.01
hotel,4.95
chips,4.21
wedding,4.83
horse,4.76
shellfish,3.15
great white shark,4.08
tiger shark,3.89
boys,5.03
girls,5.17
radio,5.01
metal detector,3.68
picnic basket,3.61
fishing pier,3.73
bug,4.2
storm,4.66
surfing,3.72
laughter,4.1
horseplay,2.06
dirt,4.24
beach coverup,2.57
cotton candy,4.02
sea spray,4.13
smores,1.87
beach hut,3.81
pearl,4.14
wagon,3.9
rays,4.03
sweat,4.14
floats,3.46
plankton,3.05
air tank,4.51
fresh water,4.75
hole,4.66
digging,3.99
pal,3.99
sports,4.94
current,5.27
beached whale,2.59
sails,3.52
shade,4.16
beach goer,2.59
bicycle,3.98
ship,4.93
beach pea,3.52
parasailer,0.0001
stairs,4.14
bait,3.85
magazine,4.74
sights,3.84
babies,4.45
snowcone,1.29
mud,4.13
polluted water,3.32
sting ray,3.75
store,5.02
wakeboarding,2.03
tans,2.66
plane,4.72
pollution,4.2
snack cart,3.64
agate,2.81
people playing,5.32
sea star,4.82
boater,2.09
wine,4.74
doughnuts,3.15
manatee,2.74
fish and chips,4.13
ice,5.0
soda,4.04
bottle water,4.52
pool,4.67
swim wear,4.13
swimming,4.43
relaxing,3.9
horizon,4.07
bike,4.53
stroller,3.08
log,4.37
sand pail,2.78
ride,4.85
moms,3.86
dads,3.63
people having fun,5.09
vehicle,4.76
crayfish,2.85
playground,3.79
hurricane,4.1
yoga,4.2
walking,4.86
utv,2.49
safety vest,3.71
booze,3.65
shades,4.0
sea beans,4.09
water toys,4.23
tanner,3.56
flotation device,3.12
shop,4.88
cliff,4.1
hawaiian shirt,3.63
tropical drink,4.1
diver,3.41
fences,3.6
food stall,3.78
beach sand,4.32
couple,5.19
undertow,2.43
sports equipment,4.61
grill,3.84
aloe vera,2.97
tarp,2.98
parcel,3.67
dune grass,3.25
pigeon,3.61
tote bag,3.26
skidoo,1.82
human,5.35
carnival,3.86
popup shop,2.78
toddler,3.83
beach wears,4.02
sand dune,3.25
parking meter,3.94
crustaceans,2.78
one piece bathing suit ,3.62
tankini,1.66
home,5.81
food truck,4.57
picnic lunch,3.74
boom box,4.25
board shorts,4.04
daquiri,0.0001
bone,4.47
cold cuts,4.32
pizza,4.43
jeep,3.72
sea oats,3.39
people swimming,4.42
people tanning,3.31
cabana,2.7
diaper,3.49
swim cover,4.16
sealift,1.96
keys,4.39
ice cream truck,4.25
spurs,4.0
camera,4.87
employees,4.81
cave,4.2
sand box,4.34
ferris wheel,3.37
phone,5.3
bathing shoes,3.64
spray tan,3.79
angelfish,1.95
animals,4.84
food vendors,3.76
needles,3.7
ice cubes,3.42
coral reef,3.54
vacations,3.51
packed lunch,4.15
atv,3.12
life vest,3.73
toy pail,2.78
suntan spray,2.27
headphones,3.88
sandfish,0.0001
hot,5.16
club,5.2
speedo,2.69
happiness,4.44
people sleeping,4.55
juice box,4.28
wind board,4.69
beach board,4.75
wood,4.78
water wings,4.4
pillow,3.96
life ring,4.78
view,5.19
skin,4.91
sea shore,4.26
lost jewelry,4.1
surf shop,3.82
changing rooms,4.35
warmth,3.8
life preserver,2.38
salty smell,3.67
mermaid purse,3.35
scooper,1.95
light reading,4.92
fishing tackle,3.98
shouting,3.97
sea horse,4.58
tern,2.72
sun lounger,2.17
branches,4.21
leaves,4.79
rat,4.17
stands,4.61
changing stalls,3.49
spf,2.95
long walks,4.31
little rocks,4.36
good times,5.45
adults,4.59
pail and shovel,2.71
blue sky,4.58
the sun,4.97
bathroom,4.54
outdoor showers,3.73
laughing,4.61
pebbles,3.17
